University,Location Name,Current Location,Current College,Original
Acharya Nagarjuna University - RVR & JC College of Engineering,Acharya Nagarjuna University,Texas Tech University,Electronics & Communication Engineering,India
Acharya Nagarjuna University - RVR & JC College of Engineering,Acharya Nagarjuna University,Texas Tech University,Computer Science & Engineering,India
Acharya Nagarjuna University (N05013),Acharya Nagarjuna University,Texas Tech University,Other Subject,India
Acharya Nagarjuna University (N05013),Acharya Nagarjuna University,Texas Tech University,Data and Information Sciences,India
Amrita Vishwa Vidyapeetham,Amrita Vishwa Vidyapeetham,Texas Tech University,Computer Science & Engineering,India
Amrita Vishwa Vidyapeetham,Amrita Vishwa Vidyapeetham,Texas Tech University,Computer Science & Engineering,India
Andhra University,Andhra University,Texas Tech University,Electronics & Communication Engineering,India
Andhra University - Sagi Rama Krishnam Raju Engineering College,Andhra University,Texas Tech University,Electronics & Communication Engineering,India
Andhra University (N00079),Andhra University,Texas Tech University,Engineering - Computer Science,India
Andhra University (N00079),Andhra University,Texas Tech University,Engineering - Computer Science,India
Andhra University (N00079),Andhra University,Texas Tech University,Other Subject,India
Andhra University (N00079),Andhra University,Texas Tech University,Engineering - Other,India
Anna University,Anna University,Texas Tech University,Computer Science & Engineering,India
Anna University,Anna University,Texas Tech University,Computer Science & Engineering,India
Anna University (N00092),Anna University,Texas Tech University,Engineering - Other,India
Anna University (N00092),Anna University,Texas Tech University,Engineering - Computer Science,India
Anurag Group of Institutions,Anurag University,Texas Tech University,Electronics & Communication Engineering,India
Bharath University (N00245),Bharath University,Texas Tech University,Engineering - Computer Science,India
Chaitanya Bharathi Institute Of Technology (),Chaitanya Bharathi Institute Of Technology,Texas Tech University,Engineering - Computer Science,India
Christ University-Bangalore (N04113),Christ University-Bangalore,Texas Tech University,Engineering - Computer Science,India
CMR College of Engineering and Technology (N05297),CMR College of Engineering & Technology,Texas Tech University,Engineering - Computer Science,India
CVR College of Engineering,CVR College of Engineering,Texas Tech University,Electronics & Communication Engineering,India
CVR College of Engineering,CVR College of Engineering,Texas Tech University,Electronics & Communication Engineering,India
CVR College of Engineering,CVR College of Engineering,Texas Tech University,Electronics & Communication Engineering,India
CVR College of Engineering (N05274),CVR College of Engineering,Texas Tech University,Other Subject,India
CVR College of Engineering (N05274),CVR College of Engineering,Texas Tech University,Engineering - Other,India
CVR College of Engineering (N05274),CVR College of Engineering,Texas Tech University,Engineering - Other,India
CVR College of Engineering (N05274),CVR College of Engineering,Texas Tech University,Engineering - Electrical and Electronics,India
Delhi Technological University,Delhi Technological University,Texas Tech University,Computer Engineering,India
Dr MGR Educational and Research Institute,Dr. M.G.R. Educational And Research Institute,Texas Tech University,Computer Science & Engineering,India
Dr. A.P.J. Abdul Kalam Technical University,Dr. A.P.J. Abdul Kalam Technical University,Texas Tech University,Electrical & Electronics Engineering,India
Dr. A.P.J. Abdul Kalam Technical University (N04244),Dr. A.P.J. Abdul Kalam Technical University,Texas Tech University, ,India
Gandhi Institute of Technology and Management (N04642),Gandhi Institute of Technology and Management,Texas Tech University,Engineering - Computer Science,India
Gandhi Institute of Technology and Management (N04642),Gandhi Institute of Technology and Management,Texas Tech University,Engineering - Computer Science,India
Gandhi Institute of Technology and Management (N04642),Gandhi Institute of Technology and Management,Texas Tech University,Engineering - Other,India
Gandhi Institute of Technology and Management (N04642),Gandhi Institute of Technology and Management,Texas Tech University,Engineering - Other,India
Gandhi Institute of Technology and Management (N04642),Gandhi Institute of Technology and Management,Texas Tech University,Engineering - Computer Science,India
Gandhi Institute of Technology and Management (N04642),Gandhi Institute of Technology and Management,Texas Tech University,Engineering - Computer Science,India
Gandhi Institute of Technology and Management (N04642),Gandhi Institute of Technology and Management,Texas Tech University,Engineering - Computer Science,India
GITAM,GITAM University,Texas Tech University,Computer Science & Engineering,India
GITAM University,GITAM University,Texas Tech University,Computer Science & Engineering,India
GITAM University,GITAM University,Texas Tech University,Computer Science & Engineering,India
GITAM University,GITAM University,Texas Tech University,Computer Science & Engineering,India
GITAM University (N03668),GITAM University,Texas Tech University,Engineering - Mechanical,India
GITAM University (N03668),GITAM University,Texas Tech University,Engineering - Computer Science,India
GITAM University (N03668),GITAM University,Texas Tech University,Engineering - Computer Science,India
GITAM University (N03668),GITAM University,Texas Tech University,Engineering - Computer Science,India
GITAM University (N03668),GITAM University,Texas Tech University,Engineering - Other,India
Gokaraju Rangaraju Institute of Engineering and Technology (N05285),Gokaraju Rangaraju Institute of Engineering and Technology,Texas Tech University,Engineering - Other,India
Gokaraju Rangaraju Institute of Engineering and Technology (N05285),Gokaraju Rangaraju Institute of Engineering and Technology,Texas Tech University,Engineering - Computer Science,India
Gokaraju Rangaraju Institute of Engineering and Technology (N05285),Gokaraju Rangaraju Institute of Engineering and Technology,Texas Tech University,Engineering - Other,India
Gokaraju Rangaraju Institute of Engineering and Technology (N05285),Gokaraju Rangaraju Institute of Engineering and Technology,Texas Tech University,Engineering - Computer Science,India
Gokaraju Rangaraju Institute of Engineering and Technology (N05285),Gokaraju Rangaraju Institute of Engineering and Technology,Texas Tech University,Engineering - Computer Science,India
Hindustan Institute of Technology and Science,Hindustan Institute of Technology and Science,Texas Tech University,Computer Science & Engineering,India
Hindustan Institute of Technology and Science,Hindustan Institute of Technology and Science,Texas Tech University,Computer Science & Engineering,India
Hindustan Institute of Technology and Science (N05273),Hindustan Institute of Technology and Science,Texas Tech University,Engineering - Computer Science,India
Hindustan University (N04094),Hindustan University,Texas Tech University,Engineering - Computer Science,India
"Indian Institute of Information Technology, Design & Manufacturing","Indian Institute of Information Technology, Design & Manufacturing",Texas Tech University,Computer Engineering,India
Indian Institute of Technology - Madras (),Indian Institute of Technology - Madras,Texas Tech University,Engineering - Chemical,India
Indian Institute Of Technology (000035),Indian Institute of Technology - Madras,Texas Tech University,Engineering - Other,India
International Institute of Information Technology - Savitribai Phule Pune University,International Institute of Information Technology - Savitribai Phule Pune University,Texas Tech University,Computer Engineering,India
Jain University,Jain University,Texas Tech University,Electronics & Communication Engineering,India
Jain University (N04223),Jain University,Texas Tech University,Engineering - Computer Science,India
Jawaharlal Nehru Technological University,Jawaharlal Nehru Technological University,Texas Tech University,Computer Science & Engineering,India
Jawaharlal Nehru Technological University,Jawaharlal Nehru Technological University,Texas Tech University,Computer Science & Engineering,India
Jawaharlal Nehru Technological University,Jawaharlal Nehru Technological University,Texas Tech University,Electronics & Communication Engineering,India
Jawaharlal Nehru Technological University,Jawaharlal Nehru Technological University,Texas Tech University,Electronics & Communication Engineering,India
Jawaharlal Nehru Technological University,Jawaharlal Nehru Technological University,Texas Tech University,Computer Science & Engineering,India
Jawaharlal Nehru Technological University,Jawaharlal Nehru Technological University,Texas Tech University,Computer Science & Engineering,India
Jawaharlal Nehru Technological University,Jawaharlal Nehru Technological University,Texas Tech University,Electronics & Communication Engineering,India
Jawaharlal Nehru Technological University,Jawaharlal Nehru Technological University,Texas Tech University,Computer Science & Engineering,India
Jawaharlal Nehru Technological University,Jawaharlal Nehru Technological University,Texas Tech University,Computer Science & Engineering,India
Jawaharlal Nehru Technological University,Jawaharlal Nehru Technological University,Texas Tech University,Computer Science & Engineering,India
Jawaharlal Nehru Technological University,Jawaharlal Nehru Technological University,Texas Tech University,Computer Science & Engineering,India
Jawaharlal Nehru Technological University,Jawaharlal Nehru Technological University,Texas Tech University,Computer Science & Engineering,India
Jawaharlal Nehru Technological University,Jawaharlal Nehru Technological University,Texas Tech University,Computer Science & Engineering,India
Jawaharlal Nehru Technological University,Jawaharlal Nehru Technological University,Texas Tech University,Information Technology,India
Jawaharlal Nehru Technological University,Jawaharlal Nehru Technological University,Texas Tech University,Electronics & Communication Engineering,India
Jawaharlal Nehru Technological University,Jawaharlal Nehru Technological University,Texas Tech University,Electronics & Communication Engineering,India
Jawaharlal Nehru Technological University,Jawaharlal Nehru Technological University,Texas Tech University,Mechanical Engineering,India
Jawaharlal Nehru Technological University,Jawaharlal Nehru Technological University,Texas Tech University,Computer Science & Engineering,India
Jawaharlal Nehru Technological University,Jawaharlal Nehru Technological University,Texas Tech University,Computer Science & Engineering,India
Jawaharlal Nehru Technological University,Jawaharlal Nehru Technological University,Texas Tech University,Computer Science & Engineering,India
Jawaharlal Nehru Technological University,Jawaharlal Nehru Technological University,Texas Tech University,Computer Science & Engineering,India
Jawaharlal Nehru Technological University,Jawaharlal Nehru Technological University,Texas Tech University,Electronics & Communication Engineering,India
Jawaharlal Nehru Technological University,Jawaharlal Nehru Technological University,Texas Tech University,Computer Science & Engineering,India
Jawaharlal Nehru Technological University,Jawaharlal Nehru Technological University,Texas Tech University,Electronics & Communication Engineering,India
Jawaharlal Nehru Technological University ,Jawaharlal Nehru Technological University,Texas Tech University,Electrical & Electronics Engineering,India
Jawaharlal Nehru Technological University - CMR College of Engineering & Technology,Jawaharlal Nehru Technological University,Texas Tech University,Computer Science & Engineering,India
Jawaharlal Nehru Technological University - G Narayanamma Institute of Technology & Science,Jawaharlal Nehru Technological University,Texas Tech University,Computer Science & Engineering,India
Jawaharlal Nehru Technological University - Malla Reddy College of Engineering & Technology,Jawaharlal Nehru Technological University,Texas Tech University,Information Technology,India
Jawaharlal Nehru Technological University - Malla Reddy Engineering College for Women,Jawaharlal Nehru Technological University,Texas Tech University,Information Technology,India
Jawaharlal Nehru Technological University - Sree Vidyanikethan Engineering College,Jawaharlal Nehru Technological University,Texas Tech University,Computer Science & Systems Engineering,India
Jawaharlal Nehru Technological University Anantapuramu (N04117),Jawaharlal Nehru Technological University Anantapuramu,Texas Tech University,Engineering - Computer Science,India
Jawaharlal Nehru Technological University Anantapuramu (N04117),Jawaharlal Nehru Technological University Anantapuramu,Texas Tech University,Engineering - Computer Science,India
Jawaharlal Nehru Technological University Anantapuramu (N04117),Jawaharlal Nehru Technological University Anantapuramu,Texas Tech University,Engineering - Computer Science,India
Jawaharlal Nehru Technological University Anantapuramu (N04117),Jawaharlal Nehru Technological University Anantapuramu,Texas Tech University,Engineering - Computer Science,India
Jawaharlal Nehru Technological University Anantapuramu (N04117),Jawaharlal Nehru Technological University Anantapuramu,Texas Tech University,Engineering - Other,India
Jawaharlal Nehru Technological University Anantapuramu (N04117),Jawaharlal Nehru Technological University Anantapuramu,Texas Tech University,Engineering - Computer Science,India
Jawaharlal Nehru Technological University Anantapuramu (N04117),Jawaharlal Nehru Technological University Anantapuramu,Texas Tech University,Engineering - Other,India
Jawaharlal Nehru Technological University Hyderabad - Anurag Groups of Institutions,Jawaharlal Nehru Technological University Hyderabad,Texas Tech University,Computer Science & Engineering,India
Jawaharlal Nehru Technological University Hyderabad - BV Raju Institute of Technology,Jawaharlal Nehru Technological University Hyderabad,Texas Tech University,Electronics & Communication Engineering,India
Jawaharlal Nehru Technological University Hyderabad - Institute of Aeronautical Engineering,Jawaharlal Nehru Technological University Hyderabad,Texas Tech University,Electronics & Communication Engineering,India
Jawaharlal Nehru Technological University Hyderabad - Institute of Aeronautical Engineering,Jawaharlal Nehru Technological University Hyderabad,Texas Tech University,Computer Science & Engineering,India
Jawaharlal Nehru Technological University Hyderabad - Vardhaman College of Engineering,Jawaharlal Nehru Technological University Hyderabad,Texas Tech University,Information Technology,India
Jawaharlal Nehru Technological University Hyderabad (N01035),Jawaharlal Nehru Technological University Hyderabad,Texas Tech University,Engineering - Other,India
Jawaharlal Nehru Technological University Hyderabad (N01035),Jawaharlal Nehru Technological University Hyderabad,Texas Tech University,Other Subject,India
Jawaharlal Nehru Technological University Hyderabad (N01035),Jawaharlal Nehru Technological University Hyderabad,Texas Tech University,Engineering - Computer Science,India
Jawaharlal Nehru Technological University Hyderabad (N01035),Jawaharlal Nehru Technological University Hyderabad,Texas Tech University,Engineering - Computer Science,India
Jawaharlal Nehru Technological University Hyderabad (N01035),Jawaharlal Nehru Technological University Hyderabad,Texas Tech University,Engineering - Computer Science,India
Jawaharlal Nehru Technological University Hyderabad (N01035),Jawaharlal Nehru Technological University Hyderabad,Texas Tech University,Engineering - Other,India
Jawaharlal Nehru Technological University Hyderabad (N01035),Jawaharlal Nehru Technological University Hyderabad,Texas Tech University,Engineering - Other,India
Jawaharlal Nehru Technological University Hyderabad (N01035),Jawaharlal Nehru Technological University Hyderabad,Texas Tech University,Engineering - Computer Science,India
Jawaharlal Nehru Technological University Hyderabad (N01035),Jawaharlal Nehru Technological University Hyderabad,Texas Tech University,Engineering - Computer Science,India
Jawaharlal Nehru Technological University Hyderabad (N01035),Jawaharlal Nehru Technological University Hyderabad,Texas Tech University,Engineering - Computer Science,India
Jawaharlal Nehru Technological University Hyderabad (N01035),Jawaharlal Nehru Technological University Hyderabad,Texas Tech University,Engineering - Other,India
Jawaharlal Nehru Technological University Hyderabad (N01035),Jawaharlal Nehru Technological University Hyderabad,Texas Tech University,Engineering - Other,India
Jawaharlal Nehru Technological University Hyderabad (N01035),Jawaharlal Nehru Technological University Hyderabad,Texas Tech University,Engineering - Other,India
Jawaharlal Nehru Technological University Hyderabad (N01035),Jawaharlal Nehru Technological University Hyderabad,Texas Tech University,Engineering - Computer Science,India
Jawaharlal Nehru Technological University Hyderabad (N01035),Jawaharlal Nehru Technological University Hyderabad,Texas Tech University,Engineering - Other,India
Jawaharlal Nehru Technological University Hyderabad (N01035),Jawaharlal Nehru Technological University Hyderabad,Texas Tech University,Engineering - Computer Science,India
Jawaharlal Nehru Technological University Hyderabad (N01035),Jawaharlal Nehru Technological University Hyderabad,Texas Tech University,Engineering - Computer Science,India
Jawaharlal Nehru Technological University Hyderabad (N01035),Jawaharlal Nehru Technological University Hyderabad,Texas Tech University,Other Subject,India
Jawaharlal Nehru Technological University Hyderabad (N01035),Jawaharlal Nehru Technological University Hyderabad,Texas Tech University,Engineering - Civil,India
Jawaharlal Nehru Technological University Hyderabad (N01035),Jawaharlal Nehru Technological University Hyderabad,Texas Tech University,Engineering - Other,India
Jawaharlal Nehru Technological University Hyderabad (N01035),Jawaharlal Nehru Technological University Hyderabad,Texas Tech University,Other Subject,India
Jawaharlal Nehru Technological University Hyderabad (N01035),Jawaharlal Nehru Technological University Hyderabad,Texas Tech University,Engineering - Other,India
Jawaharlal Nehru Technological University Hyderabad (N01035),Jawaharlal Nehru Technological University Hyderabad,Texas Tech University,Engineering - Other,India
Jawaharlal Nehru Technological University Hyderabad (N01035),Jawaharlal Nehru Technological University Hyderabad,Texas Tech University,Engineering - Other,India
Jawaharlal Nehru Technological University Hyderabad (N01035),Jawaharlal Nehru Technological University Hyderabad,Texas Tech University,Engineering - Electrical and Electronics,India
Jawaharlal Nehru Technological University Hyderabad (N01035),Jawaharlal Nehru Technological University Hyderabad,Texas Tech University,Engineering - Other,India
Jawaharlal Nehru Technological University Hyderabad (N01035),Jawaharlal Nehru Technological University Hyderabad,Texas Tech University,Engineering - Electrical and Electronics,India
Jawaharlal Nehru Technological University Hyderabad (N01035),Jawaharlal Nehru Technological University Hyderabad,Texas Tech University,Engineering - Computer Science,India
Jawaharlal Nehru Technological University Hyderabad (N01035),Jawaharlal Nehru Technological University Hyderabad,Texas Tech University,Engineering - Other,India
Jawaharlal Nehru Technological University Hyderabad (N01035),Jawaharlal Nehru Technological University Hyderabad,Texas Tech University,Other Subject,India
Jawaharlal Nehru Technological University Kakinada - Aditya Institute of Technology & Management,Jawaharlal Nehru Technological University Kakinada,Texas Tech University,Electronics & Communication Engineering,India
Jawaharlal Nehru Technological University Kakinada - Prasad Potluri Siddhartha Institute of Technology,Jawaharlal Nehru Technological University Kakinada,Texas Tech University,Computer Science & Engineering,India
Jawaharlal Nehru Technological University Kakinada - QIS College of Engineering & Technology,Jawaharlal Nehru Technological University Kakinada,Texas Tech University,Electronics & Communication Engineering,India
Jawaharlal Nehru Technological University Kakinada (N03908),Jawaharlal Nehru Technological University Kakinada,Texas Tech University,Data and Information Sciences,India
Jawaharlal Nehru Technological University Kakinada (N03908),Jawaharlal Nehru Technological University Kakinada,Texas Tech University,Other Subject,India
Jawaharlal Nehru Technological University Kakinada (N03908),Jawaharlal Nehru Technological University Kakinada,Texas Tech University,Other Subject,India
Jawaharlal Nehru Technological University Kakinada (N03908),Jawaharlal Nehru Technological University Kakinada,Texas Tech University,Data and Information Sciences,India
Jawaharlal Nehru Technological University Kakinada (N03908),Jawaharlal Nehru Technological University Kakinada,Texas Tech University,Engineering - Computer Science,India
Jawaharlal Nehru Technological University Kakinada (N03908),Jawaharlal Nehru Technological University Kakinada,Texas Tech University,Engineering - Electrical and Electronics,India
Jawaharlal Nehru Technological University Kakinada (N03908),Jawaharlal Nehru Technological University Kakinada,Texas Tech University,Engineering - Computer Science,India
Jawaharlal Nehru Technological University Kakinada (N03908),Jawaharlal Nehru Technological University Kakinada,Texas Tech University,Engineering - Other,India
Jawaharlal Nehru Technological University Kakinada (N03908),Jawaharlal Nehru Technological University Kakinada,Texas Tech University,Engineering - Computer Science,India
Jawaharlal Nehru Technological University Kakinada (N03908),Jawaharlal Nehru Technological University Kakinada,Texas Tech University,Engineering - Electrical and Electronics,India
Jawaharlal Nehru Technological University Kakinada (N03908),Jawaharlal Nehru Technological University Kakinada,Texas Tech University,Engineering - Computer Science,India
Jawaharlal Nehru Technological University Kakinada (N03908),Jawaharlal Nehru Technological University Kakinada,Texas Tech University,Engineering - Other,India
Jawaharlal Nehru Technological University Kakinada (N03908),Jawaharlal Nehru Technological University Kakinada,Texas Tech University,Engineering - Computer Science,India
Jawaharlal Nehru Technological University Kakinada (N03908),Jawaharlal Nehru Technological University Kakinada,Texas Tech University,Engineering - Other,India
Jawaharlal Nehru Technological University Kakinada (N03908),Jawaharlal Nehru Technological University Kakinada,Texas Tech University,Engineering - Computer Science,India
Jawaharlal Nehru Technological University Kakinada (N03908),Jawaharlal Nehru Technological University Kakinada,Texas Tech University,Engineering - Computer Science,India
Jawaharlal Nehru Technological University Kakinada (N03908),Jawaharlal Nehru Technological University Kakinada,Texas Tech University,Engineering - Electrical and Electronics,India
Jawaharlal Nehru Technological University Kakinada (N03908),Jawaharlal Nehru Technological University Kakinada,Texas Tech University,Engineering - Computer Science,India
Jawaharlal Nehru Technological University Kakinada (N03908),Jawaharlal Nehru Technological University Kakinada,Texas Tech University,Other Subject,India
Jawaharlal Nehru Technological University Kakinada (N03908),Jawaharlal Nehru Technological University Kakinada,Texas Tech University,Engineering - Computer Science,India
Jawaharlal Nehru Technological University Kakinada (N03908),Jawaharlal Nehru Technological University Kakinada,Texas Tech University,Engineering - Computer Science,India
Jawaharlal Nehru Technological University Kakinada (N03908),Jawaharlal Nehru Technological University Kakinada,Texas Tech University,Engineering - Computer Science,India
Kakatiya Institute of Technology and Science,Kakatiya Institute of Technology and Science,Texas Tech University,Civil Engineering,India
Kakatiya Institute of Technology and Science (N04768),Kakatiya Institute of Technology and Science,Texas Tech University,Engineering - Other,India
Kakatiya Institute of Technology and Science (N04768),Kakatiya Institute of Technology and Science,Texas Tech University,Engineering - Computer Science,India
Kakatiya University,Kakatiya University,Texas Tech University,Electronics & Communication Engineering,India
Kalasalingam Acad Rsrch & HE (N05122),Kalasalingam Acad Rsrch & HE,Texas Tech University,Engineering - Computer Science,India
Kalasalingam University,Kalasalingam Acad Rsrch & HE,Texas Tech University,Computer Science & Engineering,India
Koneru Lakshmaiah Education Foundation,Koneru Lakshmaiah Education Foundation,Texas Tech University,Electronics & Communication Engineering,India
Koneru Lakshmaiah Education Foundation,Koneru Lakshmaiah Education Foundation,Texas Tech University,Electronics & Communication Engineering,India
Koneru Lakshmaiah Education Foundation,Koneru Lakshmaiah Education Foundation,Texas Tech University,Electronics & Communication Engineering,India
Koneru Lakshmaiah Education Foundation,Koneru Lakshmaiah Education Foundation,Texas Tech University,Computer Science & Engineering,India
Koneru Lakshmaiah Education Foundation,Koneru Lakshmaiah Education Foundation,Texas Tech University,Computer Science & Engineering,India
Koneru Lakshmaiah Education Foundation,Koneru Lakshmaiah Education Foundation,Texas Tech University,Electronics & Communication Engineering,India
Koneru Lakshmaiah Education Foundation (K L University) (N04019),Koneru Lakshmaiah Education Foundation,Texas Tech University,Engineering - Other,India
Koneru Lakshmaiah Education Foundation (K L University) (N04019),Koneru Lakshmaiah Education Foundation,Texas Tech University,Engineering - Other,India
Koneru Lakshmaiah Education Foundation (K L University) (N04019),Koneru Lakshmaiah Education Foundation,Texas Tech University,Engineering - Computer Science,India
Koneru Lakshmaiah Education Foundation (K L University) (N04019),Koneru Lakshmaiah Education Foundation,Texas Tech University,Other Subject,India
Koneru Lakshmaiah Education Foundation (K L University) (N04019),Koneru Lakshmaiah Education Foundation,Texas Tech University,Engineering - Computer Science,India
Koneru Lakshmaiah Education Foundation (K L University) (N04019),Koneru Lakshmaiah Education Foundation,Texas Tech University,Engineering - Computer Science,India
Koneru Lakshmaiah Education Foundation (K L University) (N04019),Koneru Lakshmaiah Education Foundation,Texas Tech University,Engineering - Other,India
Koneru Lakshmaiah Education Foundation (K L University) (N04019),Koneru Lakshmaiah Education Foundation,Texas Tech University,Data and Information Sciences,India
Koneru Lakshmaiah Education Foundation (K L University) (N04019),Koneru Lakshmaiah Education Foundation,Texas Tech University,Other Subject,India
Koneru Lakshmaiah Education Foundation (K L University) (N04019),Koneru Lakshmaiah Education Foundation,Texas Tech University,Engineering - Computer Science,India
Koneru Lakshmaiah Education Foundation (K L University) (N04019),Koneru Lakshmaiah Education Foundation,Texas Tech University,Engineering - Computer Science,India
Koneru Lakshmaiah Education Foundation (K L University) (N04019),Koneru Lakshmaiah Education Foundation,Texas Tech University,Education - Other,India
Koneru Lakshmaiah Education Foundation (K L University) (N04019),Koneru Lakshmaiah Education Foundation,Texas Tech University,Engineering - Other,India
Koneru Lakshmaiah Education Foundation (K L University) (N04019),Koneru Lakshmaiah Education Foundation,Texas Tech University,Engineering - Computer Science,India
Koneru Lakshmaiah Education Foundation (K L University) (N04019),Koneru Lakshmaiah Education Foundation,Texas Tech University,Engineering - Computer Science,India
Koneru Lakshmaiah Education Foundation (K L University) (N04019),Koneru Lakshmaiah Education Foundation,Texas Tech University,Engineering - Computer Science,India
Koneru Lakshmaiah Education Foundation (K L University) (N04019),Koneru Lakshmaiah Education Foundation,Texas Tech University,Other Subject,India
Koneru Lakshmaiah Education Foundation (K L University) (N04019),Koneru Lakshmaiah Education Foundation,Texas Tech University,Engineering - Other,India
Koneru Lakshmaiah University (N04019),Koneru Lakshmaiah Education Foundation,Texas Tech University,Data and Information Sciences,India
Koneru Lakshmaiah University (N04019),Koneru Lakshmaiah Education Foundation,Texas Tech University,Engineering - Other,India
L.D. College Of Engineering (),L.D. College Of Engineering,Texas Tech University,Engineering - Other,India
Lakireddy Bali Reddy College of Engineering (N05277),Lakireddy Bali Reddy College of Engineering,Texas Tech University,Engineering - Other,India
Lovely Professional University,Lovely Professional University,Texas Tech University,Computer Science & Engineering,India
Lovely Professional University,Lovely Professional University,Texas Tech University,Computer Science & Engineering,India
Lovely Professional University,Lovely Professional University,Texas Tech University,Computer Science & Engineering,India
Lovely Professional University,Lovely Professional University,Texas Tech University,Computer Science & Engineering,India
Lovely Professional University,Lovely Professional University,Texas Tech University,Computer Science & Engineering,India
Lovely Professional University,Lovely Professional University,Texas Tech University,Computer Science & Engineering,India
Lovely Professional University (N03841),Lovely Professional University,Texas Tech University,Engineering - Computer Science,India
Lovely Professional University (N03841),Lovely Professional University,Texas Tech University,Engineering - Computer Science,India
Lovely Professional University (N03841),Lovely Professional University,Texas Tech University,Engineering - Computer Science,India
Lovely Professional University (N03841),Lovely Professional University,Texas Tech University,Engineering - Computer Science,India
Malla Reddy Engineering College (N05286),Malla Reddy Engineering College,Texas Tech University,Engineering - Computer Science,India
Medi-Caps University (N04924),Medi-Caps University,Texas Tech University,Other Subject,India
Nagarjuna college of engineering and technology,Nagarjuna college of engineering and technology,Texas Tech University,Computer Science & Engineering,India
Nagarjuna college of engineering and technology,Nagarjuna college of engineering and technology,Texas Tech University,Computer Science & Engineering,India
Narasaraopeta Engineering College (N05296),Narasaraopeta Engineering College,Texas Tech University,Engineering - Computer Science,India
National Inst Of Info Tech (N01464),National Inst Of Info Tech,Texas Tech University,Engineering - Computer Science,India
Osmania University,Osmania University,Texas Tech University,Electronics & Communication Engineering,India
Osmania University,Osmania University,Texas Tech University,Computer Science & Engineering,India
Osmania University (N01609),Osmania University,Texas Tech University,Engineering - Computer Science,India
Osmania University (N01609),Osmania University,Texas Tech University,Mathematical Sciences,India
Osmania University (N01609),Osmania University,Texas Tech University,Other Subject,India
Osmania University (N01609),Osmania University,Texas Tech University,Engineering - Other,India
Osmania University (N01609),Osmania University,Texas Tech University,Other Subject,India
Osmania University (N01609),Osmania University,Texas Tech University,Mathematical Sciences,India
R.V.R & J.C COLLEGE OF ENGINEERING,RVR & JC College of Engineering,Texas Tech University,Computer Science & Engineering,India
R.V.R & J.C College of Engineering,RVR & JC College of Engineering,Texas Tech University,Information Technology,India
Rajiv Gandhi University of Knowledge Technologies (N05268),Rajiv Gandhi University of Knowledge Technologies,Texas Tech University,Engineering - Computer Science,India
Rashtrasant Tukadoji Maharaj Nagpur University,Rashtrasant Tukadoji Maharaj Nagpur University,Texas Tech University,Electronics & Telecommunication Engineering,India
RVR & JC College of Engineering,RVR & JC College of Engineering,Texas Tech University,Computer Science & Engineering,India
RVR & JC College of Engineering,RVR & JC College of Engineering,Texas Tech University,Computer Science & Engineering,India
RVR & JC College of Engineering,RVR & JC College of Engineering,Texas Tech University,Electronics & Communication Engineering,India
RVR & JC College of Engineering (N05256),RVR & JC College of Engineering,Texas Tech University,Engineering - Other,India
RVR & JC College of Engineering (N05256),RVR & JC College of Engineering,Texas Tech University,Engineering - Computer Science,India
RVR & JC College of Engineering (N05256),RVR & JC College of Engineering,Texas Tech University,Engineering - Computer Science,India
RVR & JC College of Engineering (N05256),RVR & JC College of Engineering,Texas Tech University,Engineering - Computer Science,India
S.R.M Institute of Science and Technology (N05245),S.R.M Institute of Science and Technology,Texas Tech University,Engineering - Electrical and Electronics,India
SASTRA University,SASTRA University,Texas Tech University,Civil Engineering,India
SASTRA University,SASTRA University,Texas Tech University,Electronics & Communication Engineering,India
SASTRA University (N01944),SASTRA University,Texas Tech University,Engineering - Computer Science,India
Sathyabama Inst of Sci & Tech (N05087),Sathyabama Inst of Sci & Tech,Texas Tech University,Engineering - Computer Science,India
Sathyabama Inst of Sci & Tech (N05087),Sathyabama Inst of Sci & Tech,Texas Tech University,Engineering - Computer Science,India
Sathyabama Inst of Sci & Tech (N05087),Sathyabama Inst of Sci & Tech,Texas Tech University,Engineering - Computer Science,India
Sathyabama Institute of Science and Technology,Sathyabama Inst of Sci & Tech,Texas Tech University,Electronics & Communication Engineering,India
Sathyabama Institute of Science and Technology (N05087),Sathyabama Inst of Sci & Tech,Texas Tech University,Engineering - Computer Science,India
Sathyabama Institute of Science and Technology (N05087),Sathyabama Inst of Sci & Tech,Texas Tech University,Engineering - Computer Science,India
Sathyabama Institute of Science and Technology (N05087),Sathyabama Inst of Sci & Tech,Texas Tech University,Engineering - Computer Science,India
Sathyabama University,Sathyabama University,Texas Tech University,Electronics & Communication Engineering,India
Sathyabama University (N01865),Sathyabama University,Texas Tech University,Engineering - Computer Science,India
Savitribai Phule Pune University (N02469),Savitribai Phule Pune University,Texas Tech University,Engineering - Computer Science,India
Shivaji University Kolhapur - Dr. JJ Magdum Trust's,Shivaji University Kolhapur - Dr. JJ Magdum Trust's,Texas Tech University,Computer Science & Engineering,India
Sikkim Manipal University (N04183),Sikkim Manipal University,Texas Tech University,Engineering - Computer Science,India
Sreenidhi Institute of Science and Technology,Sreenidhi Institute of Science and Technology,Texas Tech University,Information Technology,India
Sreenidhi Institute of Science and Technology (N04767),Sreenidhi Institute of Science and Technology,Texas Tech University,Engineering - Other,India
Sreenidhi Institute of Science and Technology (N04767),Sreenidhi Institute of Science and Technology,Texas Tech University,Engineering - Computer Science,India
Sreenidhi Institute of Science and Technology (N04767),Sreenidhi Institute of Science and Technology,Texas Tech University,Engineering - Other,India
Sreenidhi Institute of Science and Technology (N04767),Sreenidhi Institute of Science and Technology,Texas Tech University,Other Subject,India
Sreenidhi Institute of Science and Technology (N04767),Sreenidhi Institute of Science and Technology,Texas Tech University,Engineering - Electrical and Electronics,India
Sri Venkateswara University,Sri Venkateswara University,Texas Tech University,Electrical & Electronics Engineering,India
Sri Venkateswara University,Sri Venkateswara University,Texas Tech University,Electronics & Communication Engineering,India
Sri Venkateswara University (N02047),Sri Venkateswara University,Texas Tech University,Engineering - Other,India
SRM University,SRM University,Texas Tech University,Electronics & Communication Engineering,India
SRM University (N02049),SRM University,Texas Tech University,Engineering - Other,India
SRM University (N02049),SRM University,Texas Tech University,Engineering - Computer Science,India
SRM University (N02049),SRM University,Texas Tech University,Engineering - Other,India
SRM University (N02049),SRM University,Texas Tech University,Engineering - Computer Science,India
SRM University AP,SRM University AP,Texas Tech University,Electronics & Communication Engineering,India
SRM University AP,SRM University AP,Texas Tech University,Electronics & Communication Engineering,India
Stella Maris College,Stella Maris College,Texas Tech University,Computer Applications,India
Telangana University (N04080),Telangana University,Texas Tech University,Other Subject,India
University of Mumbai - Pillai College of Engineering ,University of Mumbai,Texas Tech University,Computer Engineering,India
University of Mumbai - St. John College of Engineering & Management,University of Mumbai,Texas Tech University,Computer Engineering,India
University of Mumbai - St. John College of Engineering & Management,University of Mumbai,Texas Tech University,Computer Engineering,India
University of Mumbai (N02437),University of Mumbai,Texas Tech University,Engineering - Other,India
Vardhaman College of Engineering,Vardhaman College of Engineering,Texas Tech University,Computer Science & Engineering,India
Vardhaman College of Engineering,Vardhaman College of Engineering,Texas Tech University,Computer Science & Engineering,India
Vardhaman College of Engineering ,Vardhaman College of Engineering,Texas Tech University,Computer Science & Engineering,India
Vardhaman College of Engineering (N05276),Vardhaman College of Engineering,Texas Tech University,Engineering - Computer Science,India
Vardhaman College of Engineering (N05276),Vardhaman College of Engineering,Texas Tech University,Engineering - Computer Science,India
Vardhaman College of Engineering (N05276),Vardhaman College of Engineering,Texas Tech University,Engineering - Computer Science,India
Vardhaman College of Engineering (N05276),Vardhaman College of Engineering,Texas Tech University,Engineering - Computer Science,India
Vardhaman College of Engineering (N05276),Vardhaman College of Engineering,Texas Tech University,Engineering - Computer Science,India
Vel Tech University,Vel Tech University,Texas Tech University,Electronics & Communication Engineering,India
Velagapudi Ramakrishna Siddhartha Engineering College,Velagapudi Ramakrishna Siddhartha Engineering College,Texas Tech University,Electronics & Communication Engineering,India
Vellore Institute Of Technology,Vellore Institute Of Technology,Texas Tech University,Computer Science & Engineering,India
Vellore Institute Of Technology,Vellore Institute Of Technology,Texas Tech University,Electronics & Communication Engineering,India
Vellore Institute Of Technology,Vellore Institute Of Technology,Texas Tech University,Electronics & Communication Engineering,India
Vellore Institute Of Technology,Vellore Institute Of Technology,Texas Tech University,Electronics & Communication Engineering,India
Vellore Institute Of Technology,Vellore Institute Of Technology,Texas Tech University,Electronics & Communication Engineering,India
Vellore Institute Of Technology,Vellore Institute Of Technology,Texas Tech University,Electronics & Communication Engineering,India
Vellore Institute Of Technology,Vellore Institute Of Technology,Texas Tech University,Electrical & Electronics Engineering,India
Vellore Institute Of Technology,Vellore Institute Of Technology,Texas Tech University,Electronics & Communication Engineering,India
Vellore Institute Of Technology - SRM Institute of Science & Technology,Vellore Institute Of Technology,Texas Tech University,Computer Science & Engineering,India
Vellore Institute Of Technology (N02773),Vellore Institute Of Technology,Texas Tech University,Other Subject,India
Vellore Institute Of Technology (N02773),Vellore Institute Of Technology,Texas Tech University,Engineering - Computer Science,India
Vellore Institute Of Technology (N02773),Vellore Institute Of Technology,Texas Tech University,Engineering - Electrical and Electronics,India
Vellore Institute Of Technology (N02773),Vellore Institute Of Technology,Texas Tech University,Other Subject,India
Vellore Institute Of Technology (N02773),Vellore Institute Of Technology,Texas Tech University,Other Subject,India
Vignan's University,Vignan's University,Texas Tech University,Electronics & Communication Engineering,India
Vignans University,Vignan's University,Texas Tech University,Computer Science & Engineering,India
Vignans University,Vignan's University,Texas Tech University,Electronics & Communication Engineering,India
Vignans University,Vignan's University,Texas Tech University,Electronics & Communication Engineering,India
Vignans University,Vignan's University,Texas Tech University,Information Technology,India
Vignans University,Vignan's University,Texas Tech University,Computer Science & Engineering,India
Vignans University,Vignan's University,Texas Tech University,Information Technology,India
Vignans University ,Vignan's University,Texas Tech University,Computer Science & Engineering,India
Vignans University (N02782),Vignan's University,Texas Tech University,Engineering - Other,India
Vignans University (N02782),Vignan's University,Texas Tech University,Engineering - Computer Science,India
Vignans University (N02782),Vignan's University,Texas Tech University,Other Subject,India
Vinayka Missions University (N03435),Vinayka Missions University,Texas Tech University,Other Subject,India
Visvesvaraya National Institute of Technology,Visvesvaraya National Institute of Technology,Texas Tech University,Electronics & Communication Engineering,India
Visvesvaraya Technological University,Visvesvaraya Technological University,Texas Tech University,Information Science & Engineering,India
Visvesvaraya Technological University,Visvesvaraya Technological University,Texas Tech University,Computer Science & Engineering,India
Visvesvaraya Technological University - New Horizon College of Engineering,Visvesvaraya Technological University,Texas Tech University,Information Science & Engineering,India
Visvesvaraya Technological University - Poojya Doddappa Appa College of Engineering,Visvesvaraya Technological University,Texas Tech University,Computer Science & Engineering,India
Visvesvaraya Technological University (N02795),Visvesvaraya Technological University,Texas Tech University,Engineering - Computer Science,India
VNR Vignana Jyothi Institute of Engineering and Technology (N04776),VNR Vignana Jyothi Institute of Engineering and Technology,Texas Tech University,Engineering - Other,India
West Bengal University of Technology (N02823),West Bengal University of Technology,Texas Tech University,Engineering - Computer Science,India
William Carey University,William Carey University,Texas Tech University,Business Administration,"India,US"
